<video>
  <action begin="504" end="684" move="Serve Backhand Sidespin" />
  <action begin="936" end="1144" move="Serve Backhand Sidespin" />
  <action begin="1852" end="2036" move="Serve Backhand Sidespin" />
  <action begin="3048" end="3308" move="Serve Backhand Topspin" />
  <action begin="3512" end="3732" move="Serve Backhand Loop" />
  <action begin="4636" end="4836" move="Serve Backhand Sidespin" />
  <action begin="5160" end="5420" move="Serve Backhand Topspin" />
  <action begin="5752" end="5996" move="Offensive Backhand Hit" />
  <action begin="6300" end="6496" move="Serve Backhand Sidespin" />
  <action begin="6836" end="7052" move="Serve Backhand Sidespin" />
</video>
