<video>
  <action begin="208" end="340" move="Defensive Backhand Backspin" />
  <action begin="376" end="540" move="Serve Forehand Backspin" />
  <action begin="548" end="688" move="Defensive Backhand Backspin" />
  <action begin="856" end="1000" move="Serve Backhand Topspin" />
  <action begin="1032" end="1180" move="Defensive Backhand Backspin" />
  <action begin="1184" end="1352" move="Defensive Backhand Backspin" />
  <action begin="1500" end="1640" move="Offensive Backhand Loop" />
  <action begin="1660" end="1808" move="Defensive Backhand Backspin" />
  <action begin="1816" end="1980" move="Offensive Backhand Loop" />
  <action begin="2136" end="2268" move="Defensive Backhand Backspin" />
  <action begin="2284" end="2444" move="Defensive Backhand Backspin" />
</video>
