<video>
  <action begin="116" end="288" move="Defensive Forehand Backspin" />
  <action begin="444" end="628" move="Offensive Backhand Hit" />
  <action begin="832" end="1016" move="Serve Forehand Backspin" />
  <action begin="1368" end="1540" move="Serve Forehand Backspin" />
  <action begin="1764" end="1960" move="Serve Forehand Backspin" />
  <action begin="2204" end="2400" move="Serve Forehand Topspin" />
  <action begin="2680" end="2836" move="Serve Forehand Backspin" />
  <action begin="3108" end="3300" move="Defensive Forehand Backspin" />
  <action begin="3512" end="3684" move="Defensive Forehand Push" />
  <action begin="3916" end="4092" move="Serve Backhand Sidespin" />
  <action begin="4324" end="4500" move="Serve Backhand Sidespin" />
  <action begin="4676" end="4856" move="Serve Backhand Sidespin" />
</video>
