<video>
  <action begin="460" end="620" move="Defensive Backhand Backspin" />
  <action begin="692" end="884" move="Defensive Backhand Backspin" />
  <action begin="988" end="1168" move="Defensive Backhand Backspin" />
  <action begin="1276" end="1476" move="Defensive Backhand Backspin" />
  <action begin="1572" end="1800" move="Defensive Backhand Backspin" />
  <action begin="1896" end="2072" move="Defensive Backhand Backspin" />
  <action begin="2588" end="2788" move="Defensive Backhand Backspin" />
  <action begin="2896" end="3072" move="Defensive Backhand Backspin" />
</video>
