<video>
  <action begin="236" end="448" move="Serve Backhand Sidespin" />
  <action begin="740" end="924" move="Serve Backhand Sidespin" />
  <action begin="1076" end="1300" move="Serve Backhand Sidespin" />
  <action begin="1480" end="1656" move="Serve Backhand Sidespin" />
  <action begin="1908" end="2144" move="Serve Backhand Sidespin" />
  <action begin="2376" end="2604" move="Serve Backhand Sidespin" />
  <action begin="2780" end="3020" move="Serve Backhand Topspin" />
  <action begin="3200" end="3432" move="Serve Backhand Sidespin" />
  <action begin="3624" end="3816" move="Serve Backhand Topspin" />
  <action begin="4060" end="4240" move="Offensive Backhand Hit" />
  <action begin="4484" end="4652" move="Offensive Forehand Flip" />
</video>
