<video>
  <action begin="244" end="404" move="Serve Backhand Sidespin" />
  <action begin="584" end="708" move="Serve Backhand Sidespin" />
  <action begin="852" end="980" move="Serve Backhand Sidespin" />
  <action begin="1108" end="1248" move="Serve Backhand Sidespin" />
  <action begin="1352" end="1492" move="Serve Backhand Sidespin" />
  <action begin="1768" end="1908" move="Serve Backhand Sidespin" />
  <action begin="2020" end="2168" move="Serve Backhand Sidespin" />
  <action begin="2300" end="2452" move="Serve Forehand Loop" />
  <action begin="2616" end="2768" move="Serve Forehand Loop" />
  <action begin="2904" end="3056" move="Serve Backhand Sidespin" />
  <action begin="3400" end="3544" move="Serve Forehand Loop" />
</video>
