<video>
  <action begin="184" end="336" move="Serve Forehand Loop" />
  <action begin="360" end="520" move="Serve Forehand Loop" />
  <action begin="544" end="684" move="Serve Forehand Loop" />
  <action begin="712" end="844" move="Serve Forehand Sidespin" />
  <action begin="980" end="1136" move="Serve Forehand Sidespin" />
  <action begin="1156" end="1288" move="Serve Forehand Loop" />
  <action begin="1312" end="1440" move="Serve Forehand Sidespin" />
  <action begin="1616" end="1756" move="Serve Forehand Loop" />
  <action begin="1776" end="1912" move="Serve Forehand Sidespin" />
  <action begin="1940" end="2108" move="Serve Forehand Sidespin" />
  <action begin="2244" end="2372" move="Serve Forehand Sidespin" />
</video>
