<video>
  <action begin="176" end="272" move="Defensive Backhand Backspin" />
  <action begin="316" end="400" move="Offensive Backhand Hit" />
  <action begin="416" end="540" move="Offensive Forehand Hit" />
  <action begin="768" end="872" move="Offensive Backhand Hit" />
  <action begin="892" end="1020" move="Serve Backhand Backspin" />
  <action begin="1044" end="1176" move="Serve Backhand Backspin" />
  <action begin="1428" end="1560" move="Serve Backhand Loop" />
  <action begin="1588" end="1696" move="Serve Backhand Topspin" />
  <action begin="1716" end="1852" move="Offensive Backhand Hit" />
  <action begin="1996" end="2156" move="Offensive Backhand Hit" />
  <action begin="2180" end="2288" move="Serve Backhand Loop" />
</video>
