<video>
  <action begin="148" end="384" move="Serve Forehand Topspin" />
  <action begin="728" end="984" move="Serve Forehand Topspin" />
  <action begin="1348" end="1596" move="Serve Forehand Topspin" />
  <action begin="1968" end="2244" move="Serve Forehand Topspin" />
  <action begin="2552" end="2784" move="Serve Forehand Topspin" />
  <action begin="3392" end="3632" move="Serve Forehand Sidespin" />
  <action begin="3940" end="4212" move="Serve Forehand Sidespin" />
  <action begin="4592" end="4752" move="Serve Backhand Loop" />
  <action begin="4936" end="5176" move="Serve Forehand Sidespin" />
  <action begin="5560" end="5788" move="Serve Forehand Topspin" />
</video>
