<video>
  <action begin="312" end="504" move="Defensive Forehand Backspin" />
  <action begin="648" end="836" move="Defensive Forehand Backspin" />
  <action begin="1040" end="1236" move="Defensive Forehand Backspin" />
  <action begin="1380" end="1580" move="Defensive Forehand Backspin" />
  <action begin="1704" end="1904" move="Defensive Forehand Backspin" />
  <action begin="2108" end="2264" move="Defensive Forehand Backspin" />
  <action begin="2424" end="2596" move="Defensive Forehand Backspin" />
  <action begin="2800" end="3016" move="Defensive Forehand Backspin" />
  <action begin="3176" end="3372" move="Defensive Forehand Backspin" />
  <action begin="3600" end="3772" move="Defensive Forehand Backspin" />
</video>
